"","subjectkey","sum_freq_all_No_lottery"
"1","1",-0.786386162538899
"2","3",-0.716896810313819
"3","5",1.21394013636555
"4","6",-0.865530308233027
"5","7",-0.865530308233027
"6","8",-0.413798282402826
"7","9",-0.0117410386032873
"8","10",-0.716896810313819
"9","11",-0.321176081843182
"10","12",-0.637752664619691
"11","14",-0.145470709133116
"12","15",-0.865530308233027
"13","19",-0.865530308233027
"14","20",0.320887081941347
"15","21",-0.865530308233027
"16","22",-0.536785678055039
"17","23",-0.865530308233027
"18","24",-0.865530308233027
"19","25",-0.865530308233027
"20","26",0.772544905790046
"21","27",-0.865530308233027
"22","28",-0.659409965452118
"23","29",-0.786386162538899
"24","30",-0.716896810313819
"25","31",-0.865530308233027
"26","32",-0.865530308233027
"27","33",-0.865530308233027
"28","34",-0.291318456834529
"29","35",3.30745625071186
"30","36",2.04945189855532
"31","37",-0.130009341429927
"32","38",0.0112912281730967
"33","39",-0.489119166700483
"34","40",-0.716896810313819
"35","41",-0.44030292546656
"36","42",-0.865530308233027
"37","43",-0.148116464697727
"38","44",-0.595945461290204
"39","45",-0.865530308233027
"40","46",-0.865530308233027
"41","47",-0.437657169901949
"42","48",-0.865530308233027
"43","49",-0.865530308233027
"44","50",-0.675089606984331
"45","51",-0.137604423845737
"46","52",-0.121611821633994
"47","53",-0.716896810313819
"48","54",14.406671955355
"49","55",-0.865530308233027
"50","56",-0.865530308233027
"51","57",-0.716896810313819
"52","58",0.107285223461911
"53","59",-0.177699283111258
"54","60",19.761010939772
"55","61",-0.865530308233027
"56","62",-0.865530308233027
"57","63",-0.865530308233027
"58","64",0.429509573035128
"59","65",-0.865530308233027
"60","66",-0.865530308233027
"61","68",-0.637752664619691
"62","69",-0.865530308233027
"63","70",-0.865530308233027
"64","71",0.783338056488338
"65","72",0.0270216762852143
"66","73",-0.637752664619691
"67","74",-0.865530308233027
"68","75",-0.865530308233027
"69","76",0.0910646037186358
"70","77",-0.865530308233027
"71","78",-0.44030292546656
"72","79",-0.0855490847664433
"73","80",-0.865530308233027
"74","81",-0.865530308233027
"75","82",-0.865530308233027
"76","83",-0.568263312394611
"77","84",-0.865530308233027
"78","85",0.527707633573033
"79","86",0.997973162563183
"80","87",-0.424710349544986
"81","88",-0.865530308233027
"82","89",0.612646344802569
"83","90",-0.786386162538899
"84","91",-0.865530308233027
"85","92",0.357505093455163
"86","93",-0.865530308233027
"87","95",-0.637752664619691
"88","96",-0.865530308233027
"89","97",-0.637752664619691
"90","98",-0.568263312394611
"91","99",-0.568263312394611
"92","101",0.0998110814126689
"93","102",-0.865530308233027
"94","103",-0.865530308233027
"95","104",-0.865530308233027
"96","105",-0.716896810313819
"97","106",-0.716896810313819
"98","107",-0.865530308233027
"99","108",-0.865530308233027
"100","109",-0.865530308233027
"101","111",2.11919881419594
"102","112",-0.434871419684153
"103","113",-0.17678280343459
"104","115",-0.716896810313819
"105","116",0.794913326777779
"106","117",-0.716896810313819
"107","118",-0.786386162538899
"108","119",-0.865530308233027
"109","120",1.26635367242245
"110","121",-0.865530308233027
"111","122",-0.865530308233027
"112","123",-0.865530308233027
"113","124",-0.11270802516794
"114","126",-0.865530308233027
"115","127",0.0809184525887212
"116","128",-0.865530308233027
"117","129",-0.716896810313819
"118","130",-0.865530308233027
"119","131",-0.637752664619691
"120","132",-0.865530308233027
"121","133",-0.865530308233027
"122","134",-0.270996316556195
"123","135",-0.716896810313819
"124","136",2.57441721705164
"125","137",-0.489119166700483
"126","138",-0.865530308233027
"127","140",-0.716896810313819
"128","141",0.720713867885391
"129","142",-0.865530308233027
"130","143",-0.716896810313819
"131","144",0.000868003934303641
"132","145",-0.637752664619691
"133","146",-0.515857002602494
"134","147",-0.865530308233027
"135","148",-0.865530308233027
"136","149",3.26276917741034
"137","150",-0.865530308233027
"138","151",-0.361158779772433
"139","152",0.457106680242781
"140","153",-0.51077646753291
"141","154",-0.865530308233027
"142","155",-0.489119166700483
"143","156",-0.865530308233027
"144","157",0.0882620960967039
"145","158",-0.0985551374171302
"146","160",-0.865530308233027
"147","161",-0.865530308233027
"148","162",-0.865530308233027
"149","163",-0.716896810313819
"150","164",3.85662944072131
"151","165",-0.786386162538899
"152","166",0.886070115018427
"153","167",0.145327269744218
"154","168",-0.786386162538899
"155","169",-0.865530308233027
"156","170",-0.340485668781276
"157","171",-0.721977345383402
"158","172",-0.865530308233027
"159","173",-0.148116464697727
"160","174",-0.44030292546656
"161","175",-0.865530308233027
"162","176",0.391081062504834
"163","177",-0.573343847464194
"164","178",-0.135089876499511
"165","179",-0.716896810313819
"166","180",-0.865530308233027
"167","181",-0.865530308233027
"168","182",-0.716896810313819
"169","183",-0.865530308233027
"170","184",-0.865530308233027
"171","185",0.236895594015912
"172","186",-0.865530308233027
"173","187",2.38305830722988
"174","188",-0.468969264203422
"175","189",-0.865530308233027
"176","190",-0.716896810313819
"177","191",-0.865530308233027
"178","193",-0.865530308233027
"179","194",-0.352590395771926
"180","195",-0.716896810313819
"181","196",-0.865530308233027
"182","197",-0.716896810313819
"183","198",-0.296749962616936
"184","200",-0.424710349544986
"185","201",-0.865530308233027
"186","202",-0.865530308233027
"187","203",-0.865530308233027
"188","205",0.236895594015912
"189","206",1.23375599997376
"190","207",-0.865530308233027
"191","208",1.3785662364965
"192","210",0.29279354079136
"193","211",-0.865530308233027
"194","212",-0.573343847464194
"195","213",-0.865530308233027
"196","214",-0.44030292546656
"197","215",-0.572086573791081
"198","216",-0.865530308233027
"199","217",-0.865530308233027
"200","218",-0.865530308233027
"201","219",9.1935015304526
"202","221",-0.44030292546656
"203","222",-0.721977345383402
"204","223",-0.33066533527413
"205","224",-0.865530308233027
"206","225",-0.865530308233027
"207","226",-0.865530308233027
"208","227",-0.526456109065123
"209","230",-0.865530308233027
"210","231",-0.865530308233027
"211","232",-0.865530308233027
"212","233",-0.865530308233027
"213","234",-0.637752664619691
"214","235",1.05955951426448
"215","236",-0.865530308233027
"216","237",-0.865530308233027
"217","238",-0.865530308233027
"218","240",-0.865530308233027
"219","241",0.459592702559664
"220","242",-0.716896810313819
"221","243",-0.716896810313819
"222","245",-0.17678280343459
"223","246",-0.865530308233027
"224","247",-0.716896810313819
"225","248",-0.46980957976239
"226","249",0.138989461001522
"227","250",0.959156779782518
"228","251",-0.865530308233027
"229","252",-0.865530308233027
"230","253",-0.865530308233027
"231","254",1.7382686492583
"232","255",-0.41393615459337
"233","256",7.07111843260975
"234","257",-0.865530308233027
"235","258",-0.865530308233027
"236","259",-0.865530308233027
"237","260",-0.865530308233027
"238","261",-0.716896810313819
"239","262",-0.215064058792812
"240","263",0.0449978254324943
"241","264",0.916606996017504
"242","265",-0.865530308233027
"243","266",-0.865530308233027
"244","267",-0.296749962616936
"245","268",3.32551061781097
"246","269",0.419663885423878
"247","270",-0.865530308233027
"248","271",-0.558608518925564
"249","272",-0.865530308233027
"250","273",-0.865530308233027
"251","274",-0.865530308233027
"252","275",-0.865530308233027
"253","276",-0.17678280343459
"254","277",-0.716896810313819
"255","278",-0.865530308233027
"256","279",-0.865530308233027
"257","280",-0.637752664619691
"258","281",-0.716896810313819
"259","282",-0.707242016844772
"260","283",-0.865530308233027
"261","284",-0.716896810313819
"262","285",0.673892291307482
"263","286",-0.716896810313819
"264","287",0.327588725026004
"265","288",40.9744396566609
"266","289",-0.865530308233027
"267","290",-0.865530308233027
"268","291",-0.42979088461457
"269","292",-0.865530308233027
"270","293",-0.865530308233027
"271","294",-0.716896810313819
"272","295",0.0356225934663104
"273","296",-0.721977345383402
"274","297",-0.0450972529531841
"275","298",-0.865530308233027
"276","299",-0.865530308233027
"277","300",-0.515857002602494
"278","301",0.0705610337844013
"279","303",-0.548953725456517
"280","304",-0.637752664619691
"281","305",0.0319946675610526
"282","306",1.91775589360888
"283","307",-0.340991945451395
"284","308",0.483273738058538
"285","310",-0.148116464697727
"286","311",-0.716896810313819
"287","312",-0.865530308233027
"288","313",-0.865530308233027
"289","314",-0.44030292546656
"290","315",-0.291669427547352
"291","316",1.15893931382073
"292","318",-0.182197377393021
"293","319",1.39493403901443
"294","320",-0.865530308233027
"295","321",-0.865530308233027
"296","322",-0.865530308233027
"297","323",-0.243341943613093
"298","324",-0.865530308233027
"299","325",-0.865530308233027
"300","326",-0.865530308233027
"301","327",39.9943460066526
"302","328",1.31141430476558
"303","330",-0.716896810313819
"304","332",-0.865530308233027
"305","333",-0.865530308233027
"306","334",-0.716896810313819
"307","335",-0.865530308233027
"308","336",-0.865530308233027
"309","337",-0.526456109065123
"310","338",-0.16204747489596
"311","339",-0.865530308233027
"312","340",-0.716896810313819
"313","341",-0.247112471218638
"314","342",-0.865530308233027
"315","343",-0.716896810313819
"316","344",0.299339344403288
"317","345",0.231522930551672
"318","346",0.431427971063091
"319","347",-0.865530308233027
"320","348",-0.865530308233027
"321","349",-0.716896810313819
"322","351",-0.344308930177746
"323","352",0.798268688012877
"324","353",-0.716896810313819
"325","354",2.53866717139364
"326","355",-0.786386162538899
"327","356",-0.637752664619691
"328","357",-0.526456109065123
"329","358",-0.716896810313819
"330","359",-0.865530308233027
"331","360",-0.11653128656441
"332","361",-0.242031936149054
"333","362",-0.865530308233027
"334","363",-0.865530308233027
"335","364",-0.716896810313819
"336","365",-0.296749962616936
"337","366",-0.865530308233027
"338","367",3.70902400381571
"339","368",-0.241191620590087
"340","369",0.952318847775934
"341","370",-0.573343847464194
"342","371",0.410151840066374
"343","372",-0.865530308233027
"344","373",0.16443481519315
"345","374",-0.368167817676868
"346","375",-0.637752664619691
"347","376",-0.573343847464194
"348","377",0.677715552703952
"349","378",-0.865530308233027
"350","379",-0.865530308233027
"351","380",-0.716896810313819
"352","381",-0.515857002602494
"353","382",-0.865530308233027
"354","383",-0.675089606984331
"355","384",-0.865530308233027
"356","385",-0.865530308233027
"357","386",-0.716896810313819
"358","387",-0.721977345383402
"359","388",-0.865530308233027
"360","389",-0.637752664619691
"361","390",-0.865530308233027
"362","391",-0.865530308233027
"363","392",-0.865530308233027
"364","393",-0.865530308233027
"365","394",-0.51077646753291
"366","396",-0.865530308233027
"367","397",6.1077980192493
"368","398",-0.393826245590134
"369","399",-0.291669427547352
"370","400",0.777009600895141
"371","402",-0.865530308233027
"372","403",-0.716896810313819
"373","405",-0.865530308233027
"374","406",-0.865530308233027
"375","407",-0.865530308233027
"376","408",-0.716896810313819
"377","410",-0.865530308233027
"378","411",-0.716896810313819
"379","413",-0.865530308233027
"380","414",-0.865530308233027
"381","415",-0.865530308233027
"382","416",-0.865530308233027
"383","417",-0.675089606984331
"384","418",-0.628097871150645
"385","419",-0.865530308233027
"386","421",-0.345566203850859
"387","422",-0.0155642999997575
"388","423",40.6873337309617
"389","424",-0.865530308233027
"390","425",0.281958260300046
"391","426",0.0847417139851913
"392","427",0.0745806438460244
"393","428",-0.865530308233027
"394","429",1.04525984673993
"395","430",-0.865530308233027
"396","431",-0.291669427547352
"397","432",-0.716896810313819
"398","433",-0.721977345383402
"399","434",-0.786386162538899
"400","435",-0.716896810313819
"401","436",-0.865530308233027
"402","437",-0.786386162538899
"403","438",-0.0410489371093918
"404","439",-0.352590395771926
"405","440",-0.865530308233027
"406","441",-0.865530308233027
"407","442",-0.716896810313819
"408","443",0.669727760335306
"409","444",-0.716896810313819
"410","445",0.754066137484768
"411","446",-0.637752664619691
"412","447",-0.637752664619691
"413","449",-0.637752664619691
"414","450",-0.865530308233027
"415","451",-0.865530308233027
"416","452",-0.865530308233027
"417","453",-0.637752664619691
"418","454",-0.865530308233027
"419","455",-0.716896810313819
"420","456",-0.361158779772433
"421","457",-0.865530308233027
"422","458",-0.865530308233027
"423","459",-0.865530308233027
"424","460",-0.865530308233027
"425","461",2.24782111726364
"426","462",-0.865530308233027
"427","463",-0.865530308233027
"428","464",0.373334941144732
"429","465",-0.865530308233027
"430","466",-0.716896810313819
"431","467",-0.865530308233027
"432","468",-0.865530308233027
"433","469",-0.865530308233027
"434","470",-0.298678465451788
"435","471",-0.865530308233027
"436","472",-0.568263312394611
"437","473",-0.573343847464194
"438","474",0.327588725026004
"439","475",-0.716896810313819
"440","476",0.0448659946809638
"441","477",-0.865530308233027
"442","478",-0.865530308233027
"443","479",-0.865530308233027
"444","480",-0.865530308233027
"445","481",-0.716896810313819
"446","482",0.833193828863318
"447","483",-0.865530308233027
"448","484",-0.707242016844772
"449","485",-0.716896810313819
"450","486",0.0148008950928104
"451","487",-0.865530308233027
"452","488",-0.344308930177746
"453","489",1.6921603280952
"454","490",-0.637752664619691
"455","491",-0.865530308233027
"456","492",3.44921752317651
"457","493",-0.786386162538899
"458","494",-0.637752664619691
"459","495",-0.352590395771926
"460","496",-0.637752664619691
"461","497",-0.865530308233027
"462","500",-0.716896810313819
"463","502",-0.0855490847664433
"464","503",-0.786386162538899
"465","504",-0.865530308233027
"466","505",-0.786386162538899
"467","506",-0.865530308233027
"468","507",-0.44030292546656
"469","508",-0.865530308233027
"470","509",5.557087169587
"471","510",-0.865530308233027
"472","511",-0.865530308233027
"473","512",-0.716896810313819
"474","513",-0.865530308233027
"475","514",1.75565444338138
"476","515",-0.291669427547352
"477","516",0.950892237110238
"478","517",-0.865530308233027
"479","518",-0.865530308233027
"480","519",-0.865530308233027
"481","520",0.20640140596873
"482","521",-0.568263312394611
"483","522",-0.865530308233027
"484","523",-0.207093776070818
"485","524",0.000517033221480445
"486","525",-0.865530308233027
"487","526",-0.0984789732994298
"488","527",-0.637752664619691
"489","528",-0.675089606984331
"490","531",-0.716896810313819
"491","532",-0.865530308233027
"492","533",0.149150531140688
"493","534",-0.431632321838783
"494","535",0.470356182319481
"495","536",0.612603543498483
"496","537",0.136450684061934
"497","538",-0.344308930177746
"498","539",-0.865530308233027
"499","541",-0.637752664619691
"500","546",-0.865530308233027
"501","547",-0.721977345383402
"502","548",0.00756854833480647
"503","550",0.914052654498225
"504","551",-0.716896810313819
"505","552",-0.865530308233027
"506","553",-0.716896810313819
"507","554",-0.642833199689275
"508","555",0.823913704403488
"509","556",-0.786386162538899
"510","557",-0.865530308233027
"511","558",-0.716896810313819
"512","559",0.119113666870967
"513","560",0.327588725026004
"514","561",-0.865530308233027
"515","562",0.443992882657273
"516","563",-0.865530308233027
"517","564",-0.865530308233027
"518","565",0.631907235977746
"519","566",-0.447311963370996
"520","567",-0.49928023683965
"521","568",-0.865530308233027
"522","570",-0.865530308233027
"523","571",-0.344308930177746
"524","572",0.153724789540152
"525","573",-0.307269247449743
"526","574",-0.716896810313819
"527","576",-0.642833199689275
"528","578",-0.865530308233027
"529","579",-0.865530308233027
"530","581",-0.865530308233027
"531","582",-0.334654136708699
"532","583",-0.13581591566407
"533","584",-0.865530308233027
"534","585",-0.721977345383402
"535","586",-0.865530308233027
"536","587",-0.628097871150645
"537","588",-0.352590395771926
"538","589",-0.16528657274133
"539","590",0.163885859679319
"540","591",-0.865530308233027
"541","592",-0.44030292546656
"542","593",0.202111489270646
"543","594",-0.716896810313819
"544","595",-0.865530308233027
"545","596",-0.865530308233027
"546","597",-0.865530308233027
"547","598",-0.716896810313819
"548","599",-0.628097871150645
"549","600",0.380996744029847
"550","601",-0.865530308233027
"551","602",-0.659409965452118
"552","603",-0.721977345383402
"553","604",-0.865530308233027
"554","605",-0.115055739062273
"555","606",-0.716896810313819
"556","608",-0.865530308233027
"557","609",-0.865530308233027
"558","610",-0.865530308233027
"559","611",-0.865530308233027
"560","613",-0.865530308233027
"561","614",-0.865530308233027
"562","615",-0.865530308233027
"563","616",-0.865530308233027
"564","617",0.0366764697542612
"565","618",0.931326043504583
"566","619",-0.637752664619691
"567","620",-0.865530308233027
"568","621",-0.865530308233027
"569","623",-0.108561757115098
"570","624",0.357137856530724
"571","625",3.92354231553535
"572","627",0.240491228433858
"573","629",0.896386002466072
"574","631",-0.721977345383402
"575","632",-0.241191620590087
"576","633",2.60664474676442
"577","634",-0.865530308233027
"578","635",1.73848036200126
"579","637",-0.573343847464194
"580","638",-0.865530308233027
"581","639",1.99119361648432
"582","640",-0.0984789732994298
"583","641",0.534710189472159
"584","642",-0.716896810313819
"585","643",-0.865530308233027
"586","646",-0.217605816922808
"587","647",-0.865530308233027
"588","648",0.572794641505534
"589","649",-0.865530308233027
"590","650",-0.865530308233027
"591","651",-0.865530308233027
"592","652",-0.242031936149054
"593","653",0.241827585373363
"594","654",-0.344308930177746
"595","655",-0.0689723190036001
"596","656",-0.865530308233027
"597","657",-0.344308930177746
"598","658",-0.716896810313819
"599","659",4.11001266097334
"600","660",-0.568263312394611
"601","661",-0.573343847464194
"602","662",0.247955234485733
"603","663",2.23161249821032
"604","664",-0.865530308233027
"605","665",-0.291669427547352
"606","666",1.6005392492008
"607","667",-0.865530308233027
"608","668",1.73339009398742
"609","669",-0.865530308233027
"610","670",-0.345566203850859
"611","671",-0.716896810313819
"612","672",-0.637752664619691
"613","673",-0.345566203850859
"614","674",-0.199384417260599
"615","675",-0.716896810313819
"616","676",-0.865530308233027
"617","677",-0.865530308233027
"618","678",2.25957577598104
"619","679",-0.865530308233027
"620","680",-0.716896810313819
"621","681",0.159924726092305
"622","682",-0.865530308233027
"623","683",-0.494199701770067
"624","685",0.000517033221480445
"625","686",-0.637752664619691
"626","687",-0.865530308233027
"627","688",3.16160861351947
"628","690",-0.716896810313819
"629","691",-0.145574706567732
"630","692",-0.0506469219067758
"631","693",-0.865530308233027
"632","694",-0.865530308233027
"633","695",-0.865530308233027
"634","696",-0.536785678055039
"635","697",-0.865530308233027
"636","698",-0.716896810313819
"637","700",-0.716896810313819
"638","701",-0.865530308233027
"639","702",-0.865530308233027
"640","704",-0.716896810313819
"641","705",-0.865530308233027
"642","706",1.77197322436867
"643","707",-0.573343847464194
"644","708",2.33311723172939
"645","709",-0.865530308233027
"646","710",2.79656978677862
"647","711",-0.716896810313819
"648","712",-0.716896810313819
"649","713",1.01011733752561
"650","714",-0.865530308233027
"651","715",4.10318951481787
"652","716",-0.489119166700483
"653","717",-0.419629814475403
"654","718",-0.865530308233027
"655","719",-0.865530308233027
"656","720",-0.51077646753291
"657","721",-0.148116464697727
"658","722",-0.716896810313819
"659","723",-0.865530308233027
"660","724",-0.865530308233027
"661","725",-0.865530308233027
"662","726",-0.865530308233027
"663","727",-0.865530308233027
"664","728",-0.865530308233027
"665","729",-0.659409965452118
"666","731",-0.865530308233027
"667","732",-0.865530308233027
"668","733",-0.865530308233027
"669","735",-0.637752664619691
"670","736",-0.865530308233027
"671","737",-0.721977345383402
"672","738",-0.865530308233027
"673","739",-0.573343847464194
"674","740",-0.865530308233027
"675","741",-0.393232715205414
"676","743",-0.865530308233027
"677","744",-0.865530308233027
"678","745",-0.716896810313819
"679","746",0.42741611689443
"680","747",-0.865530308233027
"681","748",1.45489517912441
"682","749",-0.637752664619691
"683","750",-0.103767503238244
"684","751",2.96534490191364
"685","752",-0.0976386577404625
"686","753",-0.865530308233027
"687","754",-0.865530308233027
"688","755",-0.865530308233027
"689","756",-0.716896810313819
"690","757",-0.865530308233027
"691","758",-0.716896810313819
"692","759",-0.865530308233027
"693","760",-0.865530308233027
"694","761",-0.865530308233027
"695","762",-0.389825118509295
"696","763",-0.716896810313819
"697","764",-0.568263312394611
"698","765",-0.865530308233027
"699","766",-0.573343847464194
"700","767",0.676065569078002
"701","768",-0.44030292546656
"702","769",-0.158635749530534
"703","771",-0.865530308233027
"704","772",-0.675089606984331
"705","773",-0.865530308233027
"706","774",2.41822950931449
"707","775",-0.494199701770067
"708","776",-0.865530308233027
"709","778",-0.865530308233027
"710","779",-0.326332781030466
"711","780",-0.865530308233027
"712","781",-0.168025134196173
"713","782",-0.195675432258538
"714","783",-0.865530308233027
"715","784",-0.865530308233027
"716","785",-0.865530308233027
"717","786",-0.716896810313819
"718","787",-0.865530308233027
"719","788",-0.716896810313819
"720","789",0.973837162651248
"721","790",-0.716896810313819
"722","791",-0.865530308233027
"723","792",-0.865530308233027
"724","793",-0.865530308233027
"725","794",-0.865530308233027
"726","796",-0.393826245590134
"727","797",-0.865530308233027
"728","799",-0.865530308233027
"729","800",2.06238401717266
"730","801",-0.865530308233027
"731","802",-0.865530308233027
"732","803",-0.865530308233027
"733","804",-0.865530308233027
"734","805",3.08510431984164
"735","806",-0.865530308233027
"736","807",-0.865530308233027
"737","808",-0.865530308233027
"738","809",-0.716896810313819
"739","810",-0.716896810313819
"740","811",-0.865530308233027
"741","812",-0.148116464697727
"742","813",-0.573343847464194
"743","814",1.26130699892792
"744","815",-0.716896810313819
"745","816",0.529082054784744
"746","817",-0.721977345383402
"747","818",-0.865530308233027
"748","820",-0.865530308233027
"749","821",0.971218043860362
"750","823",-0.344308930177746
"751","824",-0.716896810313819
"752","825",-0.865530308233027
"753","826",1.6959752647418
"754","827",-0.424710349544986
"755","828",-0.865530308233027
"756","829",-0.865530308233027
"757","830",-0.573343847464194
"758","831",-0.865530308233027
"759","832",-0.716896810313819
"760","833",-0.865530308233027
"761","834",-0.865530308233027
"762","835",-0.865530308233027
"763","836",-0.865530308233027
"764","837",-0.0723042227392025
"765","838",-0.865530308233027
"766","839",-0.865530308233027
"767","840",-0.716896810313819
"768","841",-0.494199701770067
"769","842",1.60119163467087
"770","843",0.19603826953976
"771","844",-0.367223504683286
"772","845",0.153982067718779
"773","846",-0.147765493984904
"774","847",-0.865530308233027
"775","848",2.47486223519473
"776","849",-0.143035929628144
"777","850",-0.865530308233027
"778","851",0.0477557423333749
"779","852",1.07975882530377
"780","853",1.55705129054551
"781","854",-0.642833199689275
"782","855",1.07038717351592
"783","856",0.183169923610256
"784","859",-0.865530308233027
"785","860",-0.716896810313819
"786","861",-0.865530308233027
"787","862",0.499308798662381
"788","863",-0.291669427547352
"789","864",-0.0567757674045576
"790","865",-0.865530308233027
"791","866",-0.865530308233027
"792","867",0.911186856199321
"793","868",-0.865530308233027
"794","869",0.76006733596323
"795","870",-0.865530308233027
"796","871",-0.786386162538899
"797","872",-0.42979088461457
"798","873",0.494056262381169
"799","874",-0.865530308233027
"800","875",-0.721977345383402
"801","876",-0.865530308233027
"802","877",-0.388152180135831
"803","878",-0.0976386577404625
"804","879",-0.865530308233027
"805","880",-0.865530308233027
"806","881",-0.716896810313819
"807","882",-0.865530308233027
"808","883",-0.716896810313819
"809","884",-0.42979088461457
"810","885",-0.865530308233027
"811","886",-0.716896810313819
"812","887",-0.716896810313819
"813","888",-0.716896810313819
"814","889",-0.637752664619691
"815","890",-0.865530308233027
"816","891",0.0423242365509681
"817","895",-0.716896810313819
"818","896",-0.865530308233027
"819","897",0.124010140375091
"820","898",-0.707242016844772
"821","899",0.308244629534756
"822","900",-0.721977345383402
"823","901",-0.865530308233027
"824","902",-0.865530308233027
"825","903",-0.12744335370657
"826","904",-0.865530308233027
"827","905",-0.865530308233027
"828","906",-0.865530308233027
"829","907",-0.786386162538899
"830","908",0.0135436214196972
"831","909",-0.865530308233027
"832","910",-0.786386162538899
"833","911",-0.628097871150645
"834","912",-0.865530308233027
"835","913",-0.865530308233027
"836","914",1.63646024334168
"837","915",-0.865530308233027
"838","916",-0.637752664619691
"839","917",-0.865530308233027
"840","918",-0.865530308233027
"841","919",-0.00973684280791819
"842","920",-0.419629814475403
"843","921",-0.637752664619691
"844","922",0.380448556865536
"845","923",-0.148116464697727
"846","924",-0.865530308233027
"847","925",-0.865530308233027
"848","926",-0.865530308233027
"849","928",-0.409975021006356
"850","929",0.75733113389821
"851","930",-0.393826245590134
"852","931",-0.865530308233027
"853","932",-0.865530308233027
"854","933",-0.865530308233027
"855","934",-0.716896810313819
"856","935",0.174954100025957
"857","936",-0.573343847464194
"858","937",-0.865530308233027
"859","938",-0.865530308233027
"860","939",-0.716896810313819
"861","940",-0.0794916038364071
"862","941",0.28762295892073
"863","942",-0.865530308233027
"864","943",-0.865530308233027
"865","944",-0.716896810313819
"866","945",-0.865530308233027
"867","946",-0.865530308233027
"868","947",-0.494199701770067
"869","948",-0.865530308233027
"870","949",-0.865530308233027
"871","950",-0.256767264687685
"872","951",-0.865530308233027
"873","952",-0.716896810313819
"874","953",-0.865530308233027
"875","954",-0.716896810313819
"876","955",-0.573343847464194
"877","956",0.0135436214196972
"878","957",0.192549613746836
"879","958",-0.326332781030466
"880","959",-0.707242016844772
"881","960",-0.494199701770067
"882","961",-0.468969264203422
"883","962",-0.865530308233027
"884","963",0.380831203991748
"885","964",-0.265302656674162
"886","965",-0.865530308233027
"887","966",-0.865530308233027
"888","967",-0.865530308233027
"889","968",-0.865530308233027
"890","969",0.303477688941929
"891","970",-0.46980957976239
"892","972",0.2000452962121
"893","973",-0.447311963370996
"894","974",-0.004563501848103
"895","975",-0.12481275215859
"896","977",-0.865530308233027
"897","978",0.000517033221480445
"898","979",-0.865530308233027
"899","980",-0.158635749530534
"900","981",-0.716896810313819
"901","982",-0.865530308233027
"902","983",-0.865530308233027
"903","984",0.0110290740734707
"904","985",-0.865530308233027
"905","986",-0.637752664619691
"906","987",2.45399612691286
"907","988",-0.865530308233027
"908","989",0.67209620778366
"909","990",-0.865530308233027
"910","991",-0.865530308233027
"911","992",-0.494199701770067
"912","993",-0.865530308233027
"913","994",1.61182414031017
"914","995",-0.716896810313819
"915","996",-0.865530308233027
"916","997",-0.786386162538899
"917","998",-0.153196999767311
"918","999",0.0994000228900232
"919","1000",0.340233232812709
"920","1001",-0.637752664619691
"921","1002",-0.716896810313819
"922","1003",0.464018373576785
"923","1004",1.95203079317542
"924","1005",-0.716896810313819
"925","1006",2.85081558001876
"926","1007",-0.716896810313819
"927","1008",-0.44030292546656
"928","1009",-0.568263312394611
"929","1010",-0.865530308233027
"930","1011",-0.865530308233027
"931","1012",-0.865530308233027
"932","1013",-0.865530308233027
"933","1015",-0.400320227537309
"934","1016",-0.865530308233027
"935","1017",-0.865530308233027
"936","1018",2.17011836332815
"937","1020",-0.148116464697727
"938","1021",-0.716896810313819
"939","1022",-0.170943121127413
"940","1023",40.9744396566609
"941","1024",-0.865530308233027
"942","1025",-0.573343847464194
"943","1026",-0.865530308233027
"944","1027",-0.865530308233027
"945","1028",-0.716896810313819
"946","1029",-0.865530308233027
"947","1030",-0.865530308233027
"948","1031",-0.716896810313819
"949","1033",-0.865530308233027
"950","1035",-0.282998823919575
"951","1036",-0.865530308233027
"952","1037",-0.865530308233027
"953","1038",-0.865530308233027
"954","1039",-0.865530308233027
"955","1040",6.1077980192493
"956","1041",-0.865530308233027
"957","1042",-0.865530308233027
"958","1043",-0.865530308233027
"959","1044",-0.148116464697727
"960","1045",-0.148116464697727
"961","1046",-0.716896810313819
"962","1047",-0.786386162538899
"963","1049",-0.865530308233027
"964","1050",-0.865530308233027
"965","1051",-0.378497386666784
"966","1052",-0.494199701770067
"967","1053",-0.865530308233027
"968","1054",-0.865530308233027
"969","1055",-0.344308930177746
"970","1056",-0.296749962616936
"971","1057",-0.865530308233027
"972","1058",-0.865530308233027
"973","1061",-0.659409965452118
"974","1062",-0.419629814475403
"975","1063",4.75305869532226
"976","1064",-0.865530308233027
"977","1065",-0.865530308233027
"978","1066",0.0809184525887212
"979","1067",2.24992457299079
"980","1068",-0.865530308233027
"981","1069",1.94301649495556
"982","1070",-0.675089606984331
"983","1072",-0.865530308233027
"984","1073",-0.865530308233027
"985","1074",-0.148116464697727
"986","1076",-0.865530308233027
"987","1077",-0.341095942886011
"988","1078",-0.188331788750555
"989","1079",-0.865530308233027
"990","1080",0.303477688941929
"991","1081",-0.721977345383402
"992","1082",1.23233236974784
"993","1083",-0.716896810313819
"994","1084",-0.786386162538899
"995","1085",-0.457641532360911
"996","1086",-0.865530308233027
"997","1088",-0.716896810313819
"998","1090",-0.865530308233027
"999","1092",-0.526456109065123
"1000","1093",-0.716896810313819
"1001","1094",-0.217605816922808
"1002","1095",-0.865530308233027
"1003","1096",-0.865530308233027
"1004","1097",-0.149116460192213
"1005","1098",-0.865530308233027
"1006","1099",-0.865530308233027
"1007","1100",-0.865530308233027
"1008","1101",-0.865530308233027
"1009","1102",-0.865530308233027
"1010","1103",-0.716896810313819
"1011","1104",-0.716896810313819
"1012","1105",-0.388152180135831
"1013","1106",-0.865530308233027
"1014","1107",-0.865530308233027
"1015","1108",-0.865530308233027
"1016","1109",-0.568263312394611
"1017","1110",-0.716896810313819
"1018","1111",-0.675089606984331
"1019","1112",-0.531536644134707
"1020","1115",-0.142684958915321
"1021","1116",0.916245359881892
"1022","1117",0.159924726092305
"1023","1118",-0.865530308233027
"1024","1119",-0.400320227537309
"1025","1120",-0.865530308233027
"1026","1122",-0.716896810313819
"1027","1123",-0.716896810313819
"1028","1124",-0.492942428096954
"1029","1125",-0.865530308233027
"1030","1126",-0.865530308233027
"1031","1127",-0.200755967328121
"1032","1128",-0.865530308233027
"1033","1129",-0.865530308233027
"1034","1130",-0.865530308233027
"1035","1131",-0.716896810313819
"1036","1132",-0.515857002602494
"1037","1133",0.213053071626065
"1038","1134",-0.716896810313819
"1039","1135",-0.865530308233027
"1040","1136",-0.865530308233027
"1041","1137",-0.865530308233027
"1042","1138",-0.865530308233027
"1043","1139",-0.637752664619691
"1044","1140",19.5467113510242
"1045","1141",-0.786386162538899
"1046","1142",-0.494199701770067
"1047","1144",-0.865530308233027
"1048","1145",-0.865530308233027
"1049","1146",-0.865530308233027
"1050","1147",0.847185305245335
"1051","1148",-0.716896810313819
"1052","1149",-0.721977345383402
"1053","1150",-0.148116464697727
"1054","1151",-0.865530308233027
"1055","1155",-0.865530308233027
"1056","1156",-0.716896810313819
"1057","1157",-0.865530308233027
"1058","1158",-0.865530308233027
"1059","1159",-0.568263312394611
"1060","1160",-0.865530308233027
"1061","1161",-0.707242016844772
"1062","1162",1.83377227577363
"1063","1164",-0.494199701770067
"1064","1165",-0.865530308233027
"1065","1166",-0.494199701770067
"1066","1169",-0.578424382533778
"1067","1170",-0.865530308233027
"1068","1171",6.1077980192493
"1069","1172",-0.160206037671747
"1070","1173",-0.716896810313819
"1071","1174",-0.865530308233027
"1072","1175",-0.865530308233027
"1073","1176",0.327939695738828
"1074","1177",1.59944036794812
"1075","1178",-0.865530308233027
"1076","1179",0.231815058946328
"1077","1181",0.0059485390038872
"1078","1182",0.53786222170689
"1079","1183",1.69916925407248
"1080","1184",-0.388152180135831
"1081","1185",2.58449154101466
"1082","1186",-0.865530308233027
"1083","1187",-0.175525529761477
"1084","1188",-0.865530308233027
"1085","1189",-0.637752664619691
"1086","1190",0.84535484646503
"1087","1191",-0.716896810313819
"1088","1192",-0.637752664619691
"1089","1193",-0.707242016844772
"1090","1194",-0.865530308233027
"1091","1195",0.926834210666299
"1092","1196",-0.716896810313819
"1093","1197",0.229902921220752
"1094","1198",-0.358513024207821
"1095","1199",-0.341095942886011
"1096","1200",-0.291669427547352
"1097","1201",4.67475458447951
"1098","1202",-0.716896810313819
"1099","1203",-0.568263312394611
"1100","1204",-0.716896810313819
"1101","1205",-0.367223504683286
"1102","1206",-0.865530308233027
"1103","1207",-0.865530308233027
"1104","1208",0.154844191022721
"1105","1209",-0.716896810313819
"1106","1210",-0.865530308233027
"1107","1211",1.97666308594776
"1108","1212",-0.716896810313819
"1109","1213",-0.182779818180841
"1110","1215",-0.186020638789491
"1111","1216",-0.548953725456517
"1112","1217",39.0886279595727
"1113","1218",-0.786386162538899
"1114","1219",-0.865530308233027
"1115","1220",-0.865530308233027
"1116","1221",0.20386855760857
"1117","1222",-0.637752664619691
"1118","1224",-0.344308930177746
"1119","1225",0.248444579331877
"1120","1226",-0.865530308233027
"1121","1227",-0.659409965452118
"1122","1228",1.00400847155299
"1123","1229",-0.865530308233027
"1124","1230",-0.865530308233027
"1125","1231",1.03764568882686
"1126","1232",-0.786386162538899
"1127","1233",-0.431632321838783
"1128","1234",-0.637752664619691
"1129","1235",-0.716896810313819
"1130","1236",-0.865530308233027
"1131","1237",-0.865530308233027
"1132","1238",-0.382903146215499
"1133","1239",-0.368167817676868
"1134","1240",-0.453289622671209
"1135","1241",-0.0985829707340453
"1136","1242",-0.188331788750555
"1137","1243",-0.494199701770067
"1138","1244",-0.865530308233027
"1139","1245",-0.865530308233027
"1140","1246",-0.865530308233027
"1141","1247",0.283569019443484
"1142","1248",-0.44030292546656
"1143","1249",-0.865530308233027
"1144","1250",-0.716896810313819
"1145","1251",0.198521420712452
"1146","1252",-0.865530308233027
"1147","1253",-0.865530308233027
"1148","1254",-0.0794916038364071
"1149","1255",-0.865530308233027
"1150","1256",-0.548953725456517
"1151","1257",-0.716896810313819
"1152","1258",-0.361158779772433
"1153","1260",-0.865530308233027
"1154","1261",-0.865530308233027
"1155","1263",0.149150531140688
"1156","1264",-0.865530308233027
"1157","1265",-0.291669427547352
"1158","1266",-0.865530308233027
"1159","1267",-0.865530308233027
"1160","1268",-0.0175501990527524
"1161","1269",-0.716896810313819
"1162","1270",-0.865530308233027
"1163","1271",3.50524700863425
"1164","1272",-0.865530308233027
"1165","1273",-0.865530308233027
"1166","1274",2.29687419822603
"1167","1275",0.475381907386245
"1168","1276",-0.865530308233027
"1169","1277",0.034365319793197
"1170","1278",37.5229585359212
"1171","1279",-0.865530308233027
"1172","1280",-0.865530308233027
"1173","1281",0.33137747786932
"1174","1282",-0.716896810313819
"1175","1283",-0.865530308233027
"1176","1284",-0.434871419684153
"1177","1285",-0.716896810313819
"1178","1286",-0.716896810313819
"1179","1287",-0.865530308233027
"1180","1288",1.53197784486003
"1181","1289",2.04422854087141
"1182","1290",-0.865530308233027
"1183","1292",-0.786386162538899
"1184","1293",-0.393232715205414
"1185","1294",1.25239113989417
"1186","1295",-0.865530308233027
"1187","1296",-0.716896810313819
"1188","1297",2.99636209768616
"1189","1298",-0.188331788750555
"1190","1299",-0.716896810313819
"1191","1300",-0.716896810313819
"1192","1301",-0.865530308233027
"1193","1302",-0.716896810313819
"1194","1303",-0.265302656674162
"1195","1304",3.69862186280862
"1196","1305",0.832114420874575
"1197","1306",-0.865530308233027
"1198","1307",1.28597231957917
"1199","1308",-0.716896810313819
"1200","1309",-0.865530308233027
"1201","1310",-0.0447788259009305
"1202","1311",-0.291669427547352
"1203","1312",-0.865530308233027
"1204","1314",0.41522513115514
"1205","1315",3.12706601410178
"1206","1316",1.33215745347475
"1207","1317",1.21922422986758
"1208","1318",-0.865530308233027
"1209","1319",-0.212525281853225
"1210","1320",-0.865530308233027
"1211","1321",-0.419629814475403
"1212","1322",40.5437807681121
"1213","1323",-0.15386822892905
"1214","1325",-0.865530308233027
"1215","1327",-0.578424382533778
"1216","1328",-0.44030292546656
"1217","1329",-0.716896810313819
"1218","1330",-0.716896810313819
"1219","1331",-0.865530308233027
"1220","1332",-0.865530308233027
"1221","1333",-0.865530308233027
"1222","1334",0.168460118078782
"1223","1335",-0.51077646753291
"1224","1336",2.6113225934749
"1225","1337",-0.865530308233027
"1226","1338",-0.865530308233027
"1227","1339",-0.865530308233027
"1228","1340",-0.21953431975766
"1229","1341",-0.148116464697727
"1230","1343",0.343268366558217
"1231","1344",-0.716896810313819
"1232","1346",0.822610438352834
"1233","1347",-0.0341463202616331
"1234","1348",-0.265164784483618
"1235","1349",-0.44030292546656
"1236","1350",-0.786386162538899
"1237","1351",-0.865530308233027
"1238","1352",-0.453289622671209
"1239","1353",-0.865530308233027
"1240","1354",-0.865530308233027
"1241","1355",-0.865530308233027
"1242","1356",-0.0268920318422687
"1243","1357",-0.865530308233027
"1244","1358",-0.865530308233027
"1245","1359",-0.716896810313819
"1246","1360",-0.716896810313819
"1247","1361",-0.344308930177746
"1248","1362",-0.865530308233027
"1249","1363",-0.865530308233027
"1250","1365",-0.191101173859074
"1251","1366",-0.865530308233027
"1252","1367",-0.865530308233027
"1253","1368",0.569064185999296
"1254","1369",0.000517033221480445
"1255","1370",-0.578424382533778
"1256","1371",-0.637752664619691
"1257","1372",-0.44030292546656
"1258","1373",-0.628097871150645
"1259","1374",-0.865530308233027
"1260","1375",0.321700866411483
"1261","1376",-0.409975021006356
"1262","1377",1.6831768758429
"1263","1378",-0.716896810313819
"1264","1379",0.104891616482252
"1265","1380",-0.865530308233027
"1266","1381",-0.489119166700483
"1267","1382",-0.197438982601771
"1268","1383",0.731379136169183
"1269","1384",0.0455802662203149
"1270","1385",-0.321176081843182
"1271","1386",3.83435594489166
"1272","1387",-0.865530308233027
"1273","1388",-0.489119166700483
"1274","1389",-0.716896810313819
"1275","1390",-0.716896810313819
"1276","1391",-0.628097871150645
"1277","1392",-0.296749962616936
"1278","1393",0.0522521138518587
"1279","1394",-0.721977345383402
"1280","1395",-0.44030292546656
"1281","1398",-0.716896810313819
"1282","1400",-0.297749958111421
"1283","1401",-0.865530308233027
"1284","1402",-0.865530308233027
"1285","1403",-0.558608518925564
"1286","1404",0.625994078093666
"1287","1405",-0.148116464697727
"1288","1406",-0.479464373231437
"1289","1408",-0.865530308233027
"1290","1409",-0.865530308233027
"1291","1410",-0.309008034441703
"1292","1411",-0.865530308233027
"1293","1412",-0.865530308233027
"1294","1413",0.26571138704071
"1295","1414",-0.501121674063863
"1296","1415",-0.865530308233027
"1297","1416",5.36896242147119
"1298","1417",-0.865530308233027
"1299","1418",-0.865530308233027
"1300","1419",-0.865530308233027
"1301","1420",40.9744396566609
"1302","1421",-0.0572030044784966
"1303","1423",-0.865530308233027
"1304","1424",-0.865530308233027
"1305","1425",2.9636021529362
"1306","1426",-0.44030292546656
"1307","1427",-0.865530308233027
"1308","1428",0.81611076358165
"1309","1429",-0.103767503238244
"1310","1430",-0.716896810313819
"1311","1432",2.87613735595569
"1312","1433",-0.865530308233027
"1313","1434",-0.865530308233027
"1314","1435",-0.400320227537309
"1315","1436",-0.865530308233027
"1316","1438",0.460622403042822
"1317","1440",-0.716896810313819
"1318","1441",-0.865530308233027
"1319","1442",-0.865530308233027
"1320","1443",-0.279900113022249
"1321","1444",-0.716896810313819
"1322","1445",1.18029922534805
"1323","1446",-0.865530308233027
"1324","1447",-0.494199701770067
"1325","1448",-0.865530308233027
"1326","1449",-0.716896810313819
"1327","1450",1.96018741764488
"1328","1451",-0.479464373231437
"1329","1452",0.350790217937871
"1330","1453",-0.595945461290204
"1331","1454",-0.865530308233027
"1332","1455",-0.494199701770067
"1333","1456",-0.367223504683286
"1334","1457",-0.865530308233027
"1335","1458",-0.786386162538899
"1336","1459",-0.786386162538899
"1337","1460",-0.865530308233027
"1338","1461",-0.865530308233027
"1339","1462",-0.716896810313819
"1340","1463",1.51059446894369
"1341","1464",-0.14326912246642
"1342","1465",2.09184999053025
"1343","1466",-0.865530308233027
"1344","1467",-0.716896810313819
"1345","1469",-0.716896810313819
"1346","1470",-0.44030292546656
"1347","1471",0.553550651219881
"1348","1472",-0.273344030450528
"1349","1473",-0.424710349544986
"1350","1474",-0.865530308233027
"1351","1475",0.545711575170293
"1352","1476",-0.0498593609705139
"1353","1477",-0.716896810313819
"1354","1478",-0.558608518925564
"1355","1479",-0.716896810313819
"1356","1481",1.80452376626505
"1357","1482",-0.865530308233027
"1358","1483",-0.865530308233027
"1359","1484",-0.716896810313819
"1360","1485",1.24642707877896
"1361","1486",0.229902921220752
"1362","1487",-0.637752664619691
"1363","1489",-0.716896810313819
"1364","1490",-0.865530308233027
"1365","1491",-0.721977345383402
"1366","1492",-0.148116464697727
"1367","1493",-0.865530308233027
"1368","1494",-0.865530308233027
"1369","1496",-0.568263312394611
"1370","1497",-0.865530308233027
"1371","1498",-0.865530308233027
"1372","1499",-0.675089606984331
"1373","1500",-0.865530308233027
"1374","1501",-0.865530308233027
"1375","1502",-0.716896810313819
"1376","1503",0.74695006716674
"1377","1505",1.28472152791137
"1378","1506",-0.865530308233027
"1379","1509",-0.865530308233027
"1380","1510",-0.786386162538899
"1381","1512",-0.865530308233027
"1382","1513",-0.716896810313819
"1383","1515",-0.291318456834529
"1384","1516",-0.865530308233027
"1385","1517",-0.103767503238244
"1386","1518",0.0875530095879012
"1387","1519",-0.0341463202616331
"1388","1520",0.507920186493923
"1389","1521",-0.865530308233027
"1390","1522",-0.865530308233027
"1391","1523",-0.345566203850859
"1392","1525",0.0514117982928916
"1393","1527",-0.172542583923974
"1394","1528",1.18879434078748
"1395","1529",0.517264626330542
"1396","1530",-0.786386162538899
"1397","1531",0.190390502743053
"1398","1532",-0.865530308233027
"1399","1533",-0.786386162538899
"1400","1535",-0.865530308233027
"1401","1537",-0.344308930177746
"1402","1538",-0.865530308233027
"1403","1540",-0.865530308233027
"1404","1541",-0.390665434068262
"1405","1542",-0.716896810313819
"1406","1543",-0.786386162538899
"1407","1544",-0.865530308233027
"1408","1545",0.380448556865536
"1409","1546",-0.865530308233027
"1410","1547",-0.865530308233027
"1411","1548",0.0493757516642941
"1412","1549",-0.489119166700483
"1413","1550",0.190957734470176
"1414","1551",2.28993913946931
"1415","1553",-0.716896810313819
"1416","1554",-0.51077646753291
"1417","1555",-0.865530308233027
"1418","1556",-0.865530308233027
"1419","1557",0.0726369869945411
"1420","1558",-0.786386162538899
"1421","1559",-0.2568712621223
"1422","1560",-0.326256616912765
"1423","1562",3.7551468029558
"1424","1563",-0.716896810313819
"1425","1564",-0.153196999767311
"1426","1565",-0.457641532360911
"1427","1566",-0.865530308233027
"1428","1567",0.974276244112775
"1429","1568",-0.568263312394611
"1430","1569",-0.637752664619691
"1431","1570",-0.721977345383402
"1432","1571",-0.716896810313819
"1433","1572",-0.526456109065123
"1434","1573",0.7540718470871
"1435","1574",-0.130735380594486
"1436","1575",-0.143035929628144
"1437","1576",-0.344308930177746
"1438","1577",-0.148116464697727
"1439","1578",-0.865530308233027
"1440","1580",0.824699066997211
"1441","1581",0.513482234882354
"1442","1582",3.64964367289425
"1443","1583",-0.865530308233027
"1444","1584",-0.479464373231437
"1445","1585",-0.865530308233027
"1446","1587",-0.865530308233027
"1447","1588",-0.558608518925564
"1448","1589",-0.865530308233027
"1449","1591",-0.716896810313819
"1450","1592",-0.721977345383402
"1451","1593",-0.865530308233027
"1452","1594",-0.326332781030466
"1453","1595",-0.865530308233027
"1454","1596",-0.865530308233027
"1455","1597",-0.865530308233027
"1456","1598",-0.865530308233027
"1457","1599",-0.865530308233027
"1458","1600",4.92719104017584
"1459","1601",-0.44030292546656
"1460","1602",-0.48454490830102
"1461","1604",-0.120136274131856
"1462","1606",-0.716896810313819
"1463","1607",-0.865530308233027
"1464","1608",-0.865530308233027
"1465","1609",-0.642833199689275
"1466","1610",-0.415055556075939
"1467","1611",-0.865530308233027
"1468","1612",-0.716896810313819
"1469","1613",-0.865530308233027
"1470","1614",-0.291669427547352
"1471","1615",0.321611065725791
"1472","1616",-0.865530308233027
"1473","1617",1.07178629754864
"1474","1618",-0.716896810313819
"1475","1619",-0.637752664619691
"1476","1620",-0.865530308233027
"1477","1621",-0.061920803890274
"1478","1622",-0.148116464697727
"1479","1623",-0.865530308233027
"1480","1624",-0.865530308233027
"1481","1625",-0.865530308233027
"1482","1626",-0.865530308233027
"1483","1627",-0.659409965452118
"1484","1628",-0.0855490847664433
"1485","1630",-0.526456109065123
"1486","1631",-0.716896810313819
"1487","1632",-0.865530308233027
"1488","1633",-0.865530308233027
"1489","1634",-0.637752664619691
"1490","1635",-0.716896810313819
"1491","1636",-0.168025134196173
"1492","1637",-0.0572030044784966
"1493","1638",-0.344308930177746
"1494","1639",-0.716896810313819
"1495","1640",-0.716896810313819
"1496","1641",-0.716896810313819
"1497","1642",-0.340485668781276
"1498","1643",-0.637752664619691
"1499","1644",-0.061920803890274
"1500","1645",0.661582389124325
"1501","1646",-0.716896810313819
"1502","1647",-0.865530308233027
"1503","1648",-0.786386162538899
"1504","1649",-0.865530308233027
"1505","1650",-0.786386162538899
"1506","1651",-0.0689723190036001
"1507","1652",0.252233332175193
"1508","1653",-0.12372634269005
"1509","1654",-0.637752664619691
"1510","1655",1.23995657315246
"1511","1657",0.390156104957289
"1512","1658",-0.865530308233027
"1513","1659",-0.419629814475403
"1514","1661",-0.865530308233027
"1515","1663",0.330130483156
"1516","1665",-0.865530308233027
"1517","1666",-0.865530308233027
"1518","1667",-0.865530308233027
"1519","1668",-0.865530308233027
"1520","1669",0.0977683021834081
"1521","1670",-0.786386162538899
"1522","1671",-0.637752664619691
"1523","1672",0.19603826953976
"1524","1673",-0.46980957976239
"1525","1674",-0.716896810313819
"1526","1675",0.993734615998432
"1527","1676",0.380448556865536
"1528","1677",-0.716896810313819
"1529","1678",-0.291669427547352
"1530","1680",1.07384000651012
"1531","1681",0.0932190016223792
"1532","1682",1.79826012886067
"1533","1683",-0.637752664619691
"1534","1684",-0.865530308233027
"1535","1685",-0.330830875312229
"1536","1686",1.45328017249331
"1537","1687",-0.573343847464194
"1538","1688",-0.865530308233027
"1539","1689",-0.558608518925564
"1540","1690",0.193499492600172
"1541","1691",-0.786386162538899
"1542","1692",1.16829184206367
"1543","1693",-0.242031936149054
"1544","1694",-0.716896810313819
"1545","1695",-0.0256661543426895
"1546","1696",-0.494199701770067
"1547","1697",2.57949742886268
"1548","1698",-0.865530308233027
"1549","1700",-0.865530308233027
"1550","1701",0.256056593571663
"1551","1702",-0.637752664619691
"1552","1704",-0.452392498440579
"1553","1705",-0.0521224694089132
"1554","1706",40.5787189281903
"1555","1707",40.9744396566609
"1556","1708",-0.447311963370996
"1557","1709",-0.716896810313819
"1558","1710",-0.865530308233027
"1559","1711",-0.595945461290204
"1560","1712",-0.716896810313819
"1561","1713",-0.716896810313819
"1562","1714",-0.0689723190036001
"1563","1715",1.5660756893793
"1564","1716",-0.786386162538899
"1565","1717",1.78512602832612
"1566","1718",-0.865530308233027
"1567","1719",-0.637752664619691
"1568","1720",-0.716896810313819
"1569","1721",0.752025962186865
"1570","1722",0.372069517237018
"1571","1723",0.989538265650442
"1572","1724",-0.305850107748142
"1573","1725",-0.865530308233027
"1574","1726",-0.865530308233027
"1575","1727",0.355512106920212
"1576","1728",-0.865530308233027
"1577","1730",1.89476259474007
"1578","1731",1.43201249912231
"1579","1732",0.086349958371128
"1580","1733",-0.0995328495873807
"1581","1734",-0.865530308233027
"1582","1735",-0.865530308233027
"1583","1736",0.982987358385466
"1584","1737",-0.865530308233027
"1585","1738",0.975849590845039
"1586","1739",0.12165085410717
"1587","1741",-0.419629814475403
"1588","1742",-0.865530308233027
"1589","1743",0.89534870623655
"1590","1744",2.29018832924161
"1591","1746",-0.286237921764945
"1592","1747",3.93042870322363
"1593","1748",0.746698628258913
"1594","1749",-0.573343847464194
"1595","1750",-0.716896810313819
"1596","1751",4.04838396330837
"1597","1752",-0.786386162538899
"1598","1753",-0.479464373231437
"1599","1754",-0.865530308233027
"1600","1755",-0.786386162538899
"1601","1756",-0.865530308233027
"1602","1757",-0.865530308233027
"1603","1758",-0.388152180135831
"1604","1759",-0.716896810313819
"1605","1760",1.49440032498689
"1606","1761",-0.865530308233027
"1607","1762",0.0800121496284311
"1608","1763",-0.158948763998633
"1609","1764",-0.355727273990026
"1610","1768",-0.330830875312229
"1611","1769",0.519974860933529
"1612","1770",-0.707242016844772
"1613","1771",1.25066478070275
"1614","1772",1.25557097075411
"1615","1774",-0.637752664619691
"1616","1775",-0.865530308233027
"1617","1776",-0.865530308233027
"1618","1777",0.735078768021745
"1619","1779",-0.865530308233027
"1620","1780",0.341339863723365
"1621","1781",-0.568263312394611
"1622","1782",-0.716896810313819
"1623","1783",0.0580038780831812
"1624","1784",-0.865530308233027
"1625","1785",-0.196932705931651
"1626","1786",2.35661383757967
"1627","1787",-0.0689723190036001
"1628","1788",2.64047857351451
"1629","1789",2.41037578239286
"1630","1790",-0.865530308233027
"1631","1791",-0.865530308233027
"1632","1792",-0.865530308233027
"1633","1793",0.611873098540508
"1634","1794",-0.716896810313819
"1635","1795",-0.721977345383402
"1636","1797",-0.865530308233027
"1637","1798",-0.716896810313819
"1638","1799",-0.865530308233027
"1639","1800",-0.865530308233027
"1640","1801",-0.148116464697727
"1641","1802",0.168460118078782
"1642","1803",-0.865530308233027
"1643","1805",-0.0239090860047657
"1644","1806",-0.786386162538899
"1645","1807",-0.428533610941457
"1646","1808",0.0758379175191378
"1647","1809",-0.0168215736728708
"1648","1810",-0.344308930177746
"1649","1811",-0.148116464697727
"1650","1812",0.250986337461873
"1651","1813",-0.865530308233027
"1652","1814",-0.786386162538899
"1653","1815",-0.865530308233027
"1654","1816",-0.865530308233027
"1655","1817",0.799420804041069
"1656","1818",-0.865530308233027
"1657","1821",-0.362142969613702
"1658","1822",0.0448659946809638
"1659","1823",-0.865530308233027
"1660","1824",-0.865530308233027
"1661","1825",-0.716896810313819
"1662","1826",3.8990522323688
"1663","1827",-0.865530308233027
"1664","1828",-0.865530308233027
"1665","1829",-0.558608518925564
"1666","1830",0.282542423851146
"1667","1832",0.0522521138518587
"1668","1833",-0.865530308233027
"1669","1834",-0.865530308233027
"1670","1835",-0.716896810313819
"1671","1836",-0.865530308233027
"1672","1837",0.919646084068098
"1673","1838",-0.865530308233027
"1674","1839",-0.716896810313819
"1675","1840",-0.865530308233027
"1676","1841",-0.573343847464194
"1677","1842",-0.865530308233027
"1678","1843",2.37470541775909
"1679","1845",2.13975882857375
"1680","1846",-0.186020638789491
"1681","1847",-0.716896810313819
"1682","1848",1.30475367116815
"1683","1849",40.316950396305
"1684","1850",-0.716896810313819
"1685","1853",0.544419792944025
"1686","1854",-0.865530308233027
"1687","1855",-0.786386162538899
"1688","1856",-0.865530308233027
"1689","1857",0.0234166887177682
"1690","1858",-0.675089606984331
"1691","1860",-0.865530308233027
"1692","1861",-0.865530308233027
"1693","1862",-0.865530308233027
"1694","1863",-0.865530308233027
"1695","1864",-0.716896810313819
"1696","1865",16.0975169395818
"1697","1866",-0.568263312394611
"1698","1867",0.142723991388497
"1699","1868",-0.568263312394611
"1700","1869",-0.865530308233027
"1701","1870",-0.865530308233027
"1702","1871",0.420663880918364
"1703","1872",-0.492942428096954
"1704","1873",-0.865530308233027
"1705","1874",-0.141064949584401
"1706","1875",2.05410007299609
"1707","1876",-0.255647863205115
"1708","1877",-0.637752664619691
"1709","1878",0.430591758219255
"1710","1879",-0.288079358989158
"1711","1880",2.5866086386639
"1712","1881",-0.865530308233027
"1713","1882",-0.716896810313819
"1714","1883",-0.716896810313819
"1715","1884",-0.494199701770067
"1716","1885",-0.865530308233027
"1717","1886",-0.865530308233027
"1718","1887",-0.716896810313819
"1719","1888",-0.865530308233027
"1720","1889",1.46206768438088
"1721","1890",-0.716896810313819
"1722","1891",-0.865530308233027
"1723","1892",-0.637752664619691
"1724","1893",-0.865530308233027
"1725","1894",-0.865530308233027
"1726","1895",0.0580038780831812
"1727","1896",4.28775131372632
"1728","1897",-0.182197377393021
"1729","1898",4.0753846371326
"1730","1899",-0.242031936149054
"1731","1900",4.8037130035308
"1732","1901",-0.716896810313819
"1733","1902",3.20437072277156
"1734","1903",-0.526456109065123
"1735","1905",0.828016051723561
"1736","1906",-0.865530308233027
"1737","1907",0.0498879227932441
"1738","1908",-0.716896810313819
"1739","1909",-0.578424382533778
"1740","1910",-0.716896810313819
"1741","1911",3.54054011073459
"1742","1912",-0.786386162538899
"1743","1913",-0.716896810313819
"1744","1914",0.832590897669504
"1745","1915",-0.494199701770067
"1746","1916",-0.573343847464194
"1747","1917",-0.447311963370996
"1748","1918",-0.0689723190036001
"1749","1919",2.4063957084856
"1750","1920",-0.568263312394611
"1751","1921",-0.637752664619691
"1752","1922",0.67368889392232
"1753","1923",-0.865530308233027
"1754","1924",1.93387959459831
"1755","1925",-0.786386162538899
"1756","1926",1.96671477525571
"1757","1927",-0.716896810313819
"1758","1928",-0.424710349544986
"1759","1929",-0.492942428096954
"1760","1930",-0.484648905735636
"1761","1931",-0.424710349544986
"1762","1932",-0.865530308233027
"1763","1934",-0.637752664619691
"1764","1935",-0.865530308233027
"1765","1936",-0.786386162538899
"1766","1937",-0.786386162538899
"1767","1938",-0.106876493095363
"1768","1939",-0.716896810313819
"1769","1940",-0.716896810313819
"1770","1941",-0.865530308233027
"1771","1943",-0.865530308233027
"1772","1944",-0.865530308233027
"1773","1945",1.52917570046562
"1774","1946",-0.865530308233027
"1775","1947",-0.865530308233027
"1776","1948",1.02264016381121
"1777","1949",-0.865530308233027
"1778","1950",0.0448659946809638
"1779","1952",-0.865530308233027
"1780","1953",0.000868003934303641
"1781","1954",-0.148116464697727
"1782","1955",-0.865530308233027
"1783","1956",1.61115776110726
"1784","1957",-0.270996316556195
"1785","1958",-0.716896810313819
"1786","1959",-0.573343847464194
"1787","1960",0.231815058946328
"1788","1961",1.10354070504161
"1789","1962",-0.865530308233027
"1790","1963",-0.108133766768477
"1791","1964",-0.786386162538899
"1792","1965",6.52151425231326
"1793","1966",0.342074383562077
"1794","1967",1.74535328267802
"1795","1968",-0.865530308233027
"1796","1969",-0.424710349544986
"1797","1970",-0.865530308233027
"1798","1972",-0.291669427547352
"1799","1973",-0.865530308233027
"1800","1974",-0.716896810313819
"1801","1975",-0.865530308233027
"1802","1976",-0.716896810313819
"1803","1977",-0.716896810313819
"1804","1978",-0.865530308233027
"1805","1979",-0.434871419684153
"1806","1980",-0.130009341429927
"1807","1982",-0.716896810313819
"1808","1983",-0.865530308233027
"1809","1985",-0.573343847464194
"1810","1986",3.62668485176385
"1811","1987",-0.865530308233027
"1812","1988",0.210540405240114
"1813","1989",0.0587554418008743
"1814","1990",-0.637752664619691
"1815","1991",-0.166048601976799
"1816","1992",-0.388152180135831
"1817","1993",38.2176564892361
"1818","1995",-0.573343847464194
"1819","1996",-0.242031936149054
"1820","1997",0.868808438551574
"1821","1998",-0.305850107748142
"1822","1999",-0.865530308233027
"1823","2000",-0.558608518925564
"1824","2001",-0.865530308233027
"1825","2002",-0.573343847464194
"1826","2003",-0.716896810313819
"1827","2004",-0.573343847464194
"1828","2005",-0.865530308233027
"1829","2006",-0.865530308233027
"1830","2007",0.317950863380934
"1831","2008",-0.865530308233027
"1832","2009",-0.865530308233027
"1833","2010",-0.865530308233027
"1834","2011",-0.865530308233027
"1835","2013",-0.865530308233027
"1836","2014",0.119377275018325
"1837","2015",-0.865530308233027
"1838","2016",-0.786386162538899
"1839","2017",-0.195675432258538
"1840","2018",-0.865530308233027
"1841","2019",-0.721977345383402
"1842","2020",-0.786386162538899
"1843","2021",-0.716896810313819
"1844","2022",-0.865530308233027
"1845","2023",-0.716896810313819
"1846","2024",0.522995684949875
"1847","2025",-0.716896810313819
"1848","2026",0.477479496618326
"1849","2027",-0.573343847464194
"1850","2028",0.588777829980239
"1851","2029",-0.0689723190036001
"1852","2030",1.28456645852372
"1853","2031",-0.291318456834529
"1854","2032",-0.595945461290204
"1855","2034",-0.865530308233027
"1856","2035",-0.716896810313819
"1857","2036",-0.637752664619691
"1858","2037",-0.865530308233027
"1859","2038",-0.196932705931651
"1860","2039",-0.865530308233027
"1861","2040",-0.865530308233027
"1862","2041",-0.865530308233027
"1863","2042",-0.716896810313819
"1864","2043",0.738632949009287
"1865","2044",1.43570091350769
"1866","2045",1.57020229603497
"1867","2046",0.498073568013302
"1868","2047",-0.628097871150645
"1869","2048",-0.716896810313819
"1870","2049",-0.865530308233027
"1871","2050",1.71091324277275
"1872","2052",-0.865530308233027
"1873","2053",-0.484648905735636
"1874","2054",-0.865530308233027
"1875","2055",-0.716896810313819
"1876","2056",-0.865530308233027
"1877","2057",-0.865530308233027
"1878","2058",-0.637752664619691
"1879","2059",-0.716896810313819
"1880","2060",-0.865530308233027
"1881","2061",-0.0689723190036001
"1882","2062",-0.494199701770067
"1883","2063",-0.0985551374171302
"1884","2064",0.62103245946795
"1885","2065",-0.865530308233027
"1886","2066",-0.865530308233027
"1887","2067",-0.716896810313819
"1888","2068",-0.390665434068262
"1889","2069",0.281958260300046
"1890","2070",4.26084832623995
"1891","2071",-0.865530308233027
"1892","2072",-0.716896810313819
"1893","2073",-0.865530308233027
"1894","2074",-0.865530308233027
"1895","2076",-0.865530308233027
"1896","2077",-0.716896810313819
"1897","2078",-0.865530308233027
"1898","2079",0.949783550819468
"1899","2080",-0.716896810313819
"1900","2081",3.08479327689572
"1901","2082",-0.242031936149054
"1902","2083",-0.865530308233027
"1903","2085",-0.15386822892905
"1904","2086",-0.270996316556195
"1905","2087",-0.716896810313819
"1906","2088",-0.865530308233027
"1907","2089",-0.382903146215499
"1908","2090",3.30117219541206
"1909","2091",-0.865530308233027
"1910","2092",-0.865530308233027
"1911","2094",-0.358513024207821
"1912","2095",0.165071405671517
"1913","2097",-0.44030292546656
"1914","2098",-0.716896810313819
"1915","2099",-0.865530308233027
"1916","2101",-0.400320227537309
"1917","2102",-0.447311963370996
"1918","2103",-0.865530308233027
"1919","2104",-0.291669427547352
"1920","2105",-0.865530308233027
"1921","2106",0.632841704629309
"1922","2107",-0.786386162538899
"1923","2108",-0.716896810313819
"1924","2109",-0.786386162538899
"1925","2110",0.539845534544562
"1926","2111",-0.200224732819566
"1927","2112",-0.865530308233027
"1928","2113",-0.865530308233027
"1929","2114",4.28071673043697
"1930","2116",-0.270996316556195
"1931","2117",-0.865530308233027
"1932","2118",0.163885859679319
"1933","2119",0.0112912281730967
"1934","2120",-0.707242016844772
"1935","2121",-0.865530308233027
"1936","2122",-0.865530308233027
"1937","2123",-0.865530308233027
"1938","2124",0.842489226162565
"1939","2125",0.447030651791554
"1940","2126",0.778285754435031
"1941","2128",2.37556282106631
"1942","2129",-0.865530308233027
"1943","2130",-0.148116464697727
"1944","2132",-0.865530308233027
"1945","2133",-0.637752664619691
"1946","2134",-0.568263312394611
"1947","2135",1.91200052565401
"1948","2136",-0.865530308233027
"1949","2137",40.169313283431
"1950","2138",-0.291669427547352
"1951","2139",1.00505561524028
"1952","2140",0.209562217490602
"1953","2141",-0.716896810313819
"1954","2142",1.47295758390232
"1955","2143",1.11657193328929
"1956","2144",-0.865530308233027
"1957","2145",-0.716896810313819
"1958","2146",1.05627707462393
"1959","2147",-0.716896810313819
"1960","2148",-0.865530308233027
"1961","2149",0.107584560809816
"1962","2150",-0.865530308233027
"1963","2151",-0.865530308233027
"1964","2152",-0.865530308233027
"1965","2153",3.24639082950384
"1966","2154",-0.526456109065123
"1967","2155",-0.865530308233027
"1968","2156",-0.344308930177746
"1969","2157",-0.786386162538899
"1970","2158",-0.568263312394611
"1971","2159",0.642861761512005
"1972","2160",-0.716896810313819
"1973","2161",-0.29420820448694
"1974","2162",-0.716896810313819
"1975","2164",-0.148116464697727
"1976","2165",-0.865530308233027
"1977","2166",-0.865530308233027
"1978","2167",-0.865530308233027
"1979","2168",-0.716896810313819
"1980","2169",-0.716896810313819
"1981","2170",-0.865530308233027
"1982","2171",-0.865530308233027
"1983","2172",-0.707242016844772
"1984","2173",-0.716896810313819
"1985","2174",0.908443363502481
"1986","2175",-0.865530308233027
"1987","2177",-0.716896810313819
"1988","2178",-0.865530308233027
"1989","2180",0.237859445880573
"1990","2182",-0.716896810313819
"1991","2183",0.218133606695649
"1992","2184",0.0448659946809638
"1993","2185",-0.142684958915321
"1994","2186",-0.865530308233027
"1995","2188",-0.716896810313819
"1996","2189",7.60844995860423
"1997","2190",-0.865530308233027
"1998","2191",0.584383678089026
"1999","2192",-0.865530308233027
"2000","2193",-0.865530308233027
"2001","2194",-0.548953725456517
"2002","2195",1.0768927250299
"2003","2196",-0.494199701770067
"2004","2197",-0.479464373231437
"2005","2199",1.81921710878731
"2006","2200",-0.865530308233027
"2007","2201",-0.786386162538899
"2008","2202",-0.865530308233027
"2009","2203",-0.865530308233027
"2010","2205",0.55387590212795
"2011","2206",-0.865530308233027
"2012","2207",-0.44030292546656
"2013","2208",-0.419629814475403
"2014","2209",-0.865530308233027
"2015","2210",-0.865530308233027
"2016","2211",-0.865530308233027
"2017","2212",-0.865530308233027
"2018","2213",0.012713584820523
"2019","2214",1.47393942587405
"2020","2216",-0.716896810313819
"2021","2217",-0.0689723190036001
"2022","2218",0.480015213309308
"2023","2219",0.873615889789314
"2024","2220",-0.716896810313819
"2025","2221",3.8660975539354
"2026","2222",-0.865530308233027
"2027","2223",-0.865530308233027
"2028","2224",-0.44030292546656
"2029","2225",-0.526456109065123
"2030","2226",-0.716896810313819
"2031","2227",-0.786386162538899
"2032","2228",1.24930719392275
"2033","2229",-0.492942428096954
"2034","2230",0.695900388432893
"2035","2231",0.0448659946809638
"2036","2232",0.387617328017701
"2037","2233",-0.786386162538899
"2038","2234",-0.148116464697727
"2039","2235",-0.865530308233027
"2040","2236",-0.659409965452118
"2041","2237",-0.716896810313819
"2042","2238",1.49634318166227
"2043","2239",0.190957734470176
"2044","2240",-0.716896810313819
"2045","2241",-0.44030292546656
"2046","2242",-0.865530308233027
"2047","2243",0.258372456632768
"2048","2245",-0.865530308233027
"2049","2247",-0.716896810313819
"2050","2248",-0.716896810313819
"2051","2249",-0.148116464697727
"2052","2250",-0.865530308233027
"2053","2251",-0.865530308233027
"2054","2252",-0.716896810313819
"2055","2253",0.720713867885391
"2056","2254",-0.637752664619691
"2057","2255",-0.121611821633994
"2058","2256",-0.291669427547352
"2059","2257",-0.296749962616936
"2060","2258",-0.865530308233027
"2061","2259",-0.865530308233027
"2062","2260",0.086349958371128
"2063","2261",-0.707242016844772
"2064","2262",0.452535977458008
"2065","2263",-0.865530308233027
"2066","2264",-0.716896810313819
"2067","2265",0.408375480696797
"2068","2266",-0.865530308233027
"2069","2267",-0.573343847464194
"2070","2268",-0.573343847464194
"2071","2269",-0.0572030044784966
"2072","2270",-0.659409965452118
"2073","2271",-0.865530308233027
"2074","2272",-0.716896810313819
"2075","2273",-0.716896810313819
"2076","2274",-0.424710349544986
"2077","2275",-0.865530308233027
"2078","2276",0.327893703361286
"2079","2277",-0.865530308233027
"2080","2279",-0.865530308233027
"2081","2280",-0.637752664619691
"2082","2281",-0.865530308233027
"2083","2282",-0.865530308233027
"2084","2283",0.105414824976349
"2085","2284",-0.865530308233027
"2086","2285",-0.865530308233027
"2087","2286",-0.865530308233027
"2088","2287",6.46484845219037
"2089","2288",-0.0819590162082495
"2090","2289",-0.022084580604529
"2091","2290",-0.865530308233027
"2092","2291",-0.716896810313819
"2093","2292",-0.716896810313819
"2094","2293",0.503984139682059
"2095","2294",0.693504757530534
"2096","2295",-0.865530308233027
"2097","2296",-0.716896810313819
"2098","2297",40.2312721670649
"2099","2299",-0.865530308233027
"2100","2300",-0.716896810313819
"2101","2301",-0.865530308233027
"2102","2302",1.41911616615287
"2103","2303",-0.716896810313819
"2104","2304",0.0892259479613655
"2105","2305",4.82778560302418
"2106","2306",1.0852583503224
"2107","2307",-0.721977345383402
"2108","2308",-0.865530308233027
"2109","2309",-0.716896810313819
"2110","2310",-0.865530308233027
"2111","2311",-0.637752664619691
"2112","2313",-0.42979088461457
"2113","2314",0.713004509075172
"2114","2315",-0.865530308233027
"2115","2316",-0.865530308233027
"2116","2317",-0.177699283111258
"2117","2318",-0.716896810313819
"2118","2319",-0.865530308233027
"2119","2320",-0.637752664619691
"2120","2321",-0.716896810313819
"2121","2322",-0.865530308233027
"2122","2323",0.538736848253791
"2123","2324",-0.721977345383402
"2124","2325",1.79231952907734
"2125","2326",-0.578424382533778
"2126","2327",0.984313185437823
"2127","2328",-0.716896810313819
"2128","2329",-0.865530308233027
"2129","2330",-0.865530308233027
"2130","2331",1.02964180053649
"2131","2332",0.18185758933897
"2132","2333",-0.865530308233027
"2133","2334",-0.865530308233027
"2134","2335",-0.453289622671209
"2135","2336",-0.0689723190036001
"2136","2337",-0.865530308233027
"2137","2338",-0.716896810313819
"2138","2339",0.68834805834325
"2139","2340",-0.865530308233027
"2140","2341",-0.637752664619691
"2141","2342",-0.424710349544986
"2142","2343",-0.675089606984331
"2143","2344",-0.865530308233027
"2144","2345",-0.423453075871873
"2145","2346",1.56699246299003
"2146","2347",-0.865530308233027
"2147","2348",-0.865530308233027
"2148","2349",-0.41393615459337
"2149","2350",-0.865530308233027
"2150","2352",-0.865530308233027
"2151","2353",-0.865530308233027
"2152","2354",2.16429433529464
"2153","2356",-0.865530308233027
"2154","2357",-0.721977345383402
"2155","2358",-0.865530308233027
"2156","2359",-0.637752664619691
"2157","2360",1.06135760969351
"2158","2362",-0.716896810313819
"2159","2363",0.781217287225168
"2160","2364",1.55030524777335
"2161","2365",-0.865530308233027
"2162","2366",-0.721977345383402
"2163","2367",-0.716896810313819
"2164","2368",0.0238207457606177
"2165","2369",-0.330830875312229
"2166","2370",0.905706015617235
"2167","2371",-0.865530308233027
"2168","2372",-0.716896810313819
"2169","2373",-0.865530308233027
"2170","2374",-0.865530308233027
"2171","2375",-0.865530308233027
"2172","2377",1.06750331383551
"2173","2378",-0.865530308233027
"2174","2380",-0.865530308233027
"2175","2382",-0.865530308233027
"2176","2383",-0.865530308233027
"2177","2384",1.31830684953614
"2178","2385",0.0127080189607703
"2179","2386",-0.865530308233027
"2180","2387",-0.494199701770067
"2181","2388",-0.865530308233027
"2182","2389",-0.865530308233027
"2183","2390",-0.716896810313819
"2184","2392",2.92980303509464
"2185","2393",-0.0445821969959228
"2186","2394",-0.865530308233027
"2187","2395",-0.865530308233027
"2188","2396",-0.716896810313819
"2189","2397",0.177918282642822
"2190","2398",-0.865530308233027
"2191","2399",5.5948581067882
"2192","2401",-0.716896810313819
"2193","2402",-0.716896810313819
"2194","2403",-0.865530308233027
"2195","2404",-0.286237921764945
"2196","2405",0.440830715239401
"2197","2406",-0.716896810313819
"2198","2407",-0.865530308233027
"2199","2408",-0.865530308233027
"2200","2410",-0.865530308233027
"2201","2411",-0.865530308233027
"2202","2412",0.876572019818133
"2203","2413",0.382621834636057
"2204","2414",-0.716896810313819
"2205","2415",2.27295743392172
"2206","2417",-0.865530308233027
"2207","2418",0.0605456362131768
"2208","2419",2.69688008692316
"2209","2420",-0.707242016844772
"2210","2421",-0.2568712621223
"2211","2422",-0.865530308233027
"2212","2423",-0.165455071592079
"2213","2424",0.277265085456715
"2214","2425",-0.865530308233027
"2215","2426",1.35951081417622
"2216","2427",-0.865530308233027
"2217","2428",-0.526456109065123
"2218","2429",0.403249780786961
"2219","2430",-0.865530308233027
"2220","2433",2.54668170168029
"2221","2434",-0.177699283111258
"2222","2435",-0.865530308233027
"2223","2436",-0.716896810313819
"2224","2437",-0.865530308233027
"2225","2438",-0.419629814475403
"2226","2439",-0.170943121127413
"2227","2440",-0.17678280343459
"2228","2441",1.04964856878756
"2229","2442",-0.865530308233027
"2230","2443",-0.568263312394611
"2231","2444",1.39535127379183
"2232","2445",-0.865530308233027
"2233","2446",-0.721977345383402
"2234","2447",-0.716896810313819
"2235","2448",-0.573343847464194
"2236","2449",-0.786386162538899
"2237","2450",0.26502134509472
"2238","2451",-0.865530308233027
"2239","2452",-0.162297144898518
"2240","2453",0.0233405246000676
"2241","2454",-0.865530308233027
"2242","2455",-0.721977345383402
"2243","2456",-0.246272155659671
"2244","2457",2.80335117822825
"2245","2458",-0.716896810313819
"2246","2459",-0.573343847464194
"2247","2460",-0.148116464697727
"2248","2461",-0.716896810313819
"2249","2462",-0.865530308233027
"2250","2463",-0.865530308233027
"2251","2464",-0.453289622671209
"2252","2465",-0.865530308233027
"2253","2466",-0.865530308233027
"2254","2467",-0.244599217286206
"2255","2468",-0.716896810313819
"2256","2469",-0.865530308233027
"2257","2470",2.14356137633921
"2258","2471",-0.716896810313819
"2259","2472",-0.716896810313819
"2260","2473",-0.286237921764945
"2261","2474",3.31065440881663
"2262","2476",-0.865530308233027
"2263","2477",1.04633158406121
"2264","2478",-0.865530308233027
"2265","2479",-0.865530308233027
"2266","2480",0.229460867380976
"2267","2481",0.303615561132473
"2268","2482",-0.865530308233027
"2269","2483",-0.786386162538899
"2270","2484",0.180628165480261
"2271","2486",1.76295136303445
"2272","2487",-0.865530308233027
"2273","2488",-0.716896810313819
"2274","2489",-0.716896810313819
"2275","2490",-0.707242016844772
"2276","2491",-0.721977345383402
"2277","2493",0.138989461001522
"2278","2494",-0.195675432258538
"2279","2495",-0.865530308233027
"2280","2496",-0.786386162538899
"2281","2497",-0.516801315596076
"2282","2498",-0.865530308233027
"2283","2499",-0.184545091287354
"2284","2500",-0.716896810313819
"2285","2501",6.89353398813761
"2286","2503",-0.865530308233027
"2287","2504",-0.865530308233027
"2288","2505",0.0667377723879311
"2289","2506",-0.0689723190036001
"2290","2507",0.961914221104138
"2291","2508",-0.865530308233027
"2292","2509",-0.865530308233027
"2293","2510",-0.721977345383402
"2294","2511",-0.716896810313819
"2295","2513",-0.865530308233027
"2296","2514",-0.865530308233027
"2297","2515",-0.716896810313819
"2298","2516",-0.637752664619691
"2299","2517",-0.368167817676868
"2300","2518",-0.865530308233027
"2301","2520",-0.721977345383402
"2302","2521",-0.716896810313819
"2303","2522",0.37006427782159
"2304","2523",-0.865530308233027
"2305","2525",0.0893159723846548
"2306","2526",-0.786386162538899
"2307","2527",0.0101718266905274
"2308","2528",-0.865530308233027
"2309","2529",0.665713045340573
"2310","2530",-0.572086573791081
"2311","2531",-0.637752664619691
"2312","2532",1.15631605593985
"2313","2533",-0.707242016844772
"2314","2534",-0.390665434068262
"2315","2535",-0.637752664619691
"2316","2536",1.8654628074944
"2317","2537",-0.400320227537309
"2318","2538",-0.531536644134707
"2319","2539",1.56605464090384
"2320","2540",0.0370752026306361
"2321","2541",0.256170869966072
"2322","2542",0.909412590664288
"2323","2543",1.47672192745844
"2324","2544",-0.865530308233027
"2325","2545",-0.494199701770067
"2326","2546",-0.548953725456517
"2327","2547",-0.637752664619691
"2328","2548",-0.296749962616936
"2329","2549",-0.865530308233027
"2330","2550",-0.563689053995147
"2331","2551",-0.326332781030466
"2332","2552",2.78101908821724
"2333","2553",-0.865530308233027
"2334","2554",-0.865530308233027
"2335","2555",0.513482234882354
"2336","2556",-0.716896810313819
"2337","2557",-0.716896810313819
"2338","2558",-0.716896810313819
"2339","2559",-0.865530308233027
"2340","2561",-0.716896810313819
"2341","2562",6.34523045633168
"2342","2563",-0.716896810313819
"2343","2564",-0.637752664619691
"2344","2565",-0.479464373231437
"2345","2566",-0.865530308233027
"2346","2568",-0.786386162538899
"2347","2569",-0.865530308233027
"2348","2570",-0.320335766284214
"2349","2571",-0.716896810313819
"2350","2572",-0.865530308233027
"2351","2573",-0.865530308233027
"2352","2574",1.02632303825964
"2353","2575",-0.573343847464194
"2354","2576",-0.865530308233027
"2355","2577",-0.865530308233027
"2356","2578",-0.0677150453304868
"2357","2579",1.14986585176302
"2358","2580",-0.291669427547352
"2359","2581",-0.160374536522495
"2360","2582",2.79706192095527
"2361","2583",0.849197463307538
"2362","2584",-0.786386162538899
"2363","2586",-0.29420820448694
"2364","2587",1.07546770858551
"2365","2588",-0.573343847464194
"2366","2589",-0.0689723190036001
"2367","2590",1.64510900386795
"2368","2591",-0.865530308233027
"2369","2593",-0.447311963370996
"2370","2594",-0.865530308233027
"2371","2595",-0.12035454796088
"2372","2596",-0.865530308233027
"2373","2597",2.68232657601895
"2374","2598",-0.637752664619691
"2375","2599",-0.716896810313819
"2376","2600",-0.326332781030466
"2377","2601",0.00332832882419021
"2378","2602",0.166594935654758
"2379","2603",-0.865530308233027
"2380","2604",-0.786386162538899
"2381","2605",-0.865530308233027
"2382","2606",6.1077980192493
"2383","2607",-0.865530308233027
"2384","2608",-0.241191620590087
"2385","2609",-0.468969264203422
"2386","2610",-0.786386162538899
"2387","2611",-0.568263312394611
"2388","2612",-0.148116464697727
"2389","2613",-0.279368878513694
"2390","2614",-0.865530308233027
"2391","2615",-0.358513024207821
"2392","2616",-0.865530308233027
"2393","2617",-0.865530308233027
"2394","2618",-0.368167817676868
"2395","2619",-0.716896810313819
"2396","2620",-0.330830875312229
"2397","2621",-0.637752664619691
"2398","2622",5.15329085277723
"2399","2623",-0.865530308233027
"2400","2624",-0.865530308233027
